{
  "source": "https://www.bleepingcomputer.com/feed/",
  "updated": "2025-09-08T23:32:52Z",
  "items": [
    {
      "title": "Surge in networks scans targeting Cisco ASA devices raise concerns",
      "link": "https://www.bleepingcomputer.com/news/security/surge-in-networks-scans-targeting-cisco-asa-devices-raise-concerns/"
    },
    {
      "title": "Hackers steal 3,325 secrets in GhostAction GitHub supply chain attack",
      "link": "https://www.bleepingcomputer.com/news/security/hackers-steal-3-325-secrets-in-ghostaction-github-supply-chain-attack/"
    },
    {
      "title": "Signal adds secure cloud backups to save and restore chats",
      "link": "https://www.bleepingcomputer.com/news/security/signal-adds-secure-cloud-backups-to-save-and-restore-chats/"
    },
    {
      "title": "Lovesac confirms data breach after ransomware attack claims",
      "link": "https://www.bleepingcomputer.com/news/security/lovesac-confirms-data-breach-after-ransomware-attack-claims/"
    },
    {
      "title": "Sports streaming piracy service with 123M yearly visits shut down",
      "link": "https://www.bleepingcomputer.com/news/security/massive-calcio-sports-streaming-piracy-service-with-123m-yearly-visits-shut-down/"
    },
    {
      "title": "Hackers hijack npm packages with 2 billion weekly downloads in supply chain attack",
      "link": "https://www.bleepingcomputer.com/news/security/hackers-hijack-npm-packages-with-2-billion-weekly-downloads-in-supply-chain-attack/"
    },
    {
      "title": "Salesloft: March GitHub repo breach led to Salesforce data theft attacks",
      "link": "https://www.bleepingcomputer.com/news/security/salesloft-march-github-repo-breach-led-to-salesforce-data-theft-attacks/"
    },
    {
      "title": "Action1 vs. Microsoft WSUS: A Better Approach to Modern Patch Management",
      "link": "https://www.bleepingcomputer.com/news/security/action1-vs-microsoft-wsus-a-better-approach-to-modern-patch-management/"
    },
    {
      "title": "Google to make it easier to access AI Mode as default",
      "link": "https://www.bleepingcomputer.com/news/google/google-to-make-it-easier-to-access-ai-mode-as-default/"
    },
    {
      "title": "ChatGPT makes Projects feature free, adds a toggle to split chat",
      "link": "https://www.bleepingcomputer.com/news/artificial-intelligence/chatgpt-makes-projects-feature-free-adds-a-toggle-to-split-chat/"
    },
    {
      "title": "iCloud Calendar abused to send phishing emails from Apple\u2019s servers",
      "link": "https://www.bleepingcomputer.com/news/security/icloud-calendar-abused-to-send-phishing-emails-from-apples-servers/"
    },
    {
      "title": "Czech cyber agency warns against Chinese tech in critical infrastructure",
      "link": "https://www.bleepingcomputer.com/news/security/czech-cyber-agency-warns-against-chinese-tech-in-critical-infrastructure/"
    }
  ]
}