{
  "source": "https://krebsonsecurity.com/feed/",
  "updated": "2025-09-08T23:32:52Z",
  "items": [
    {
      "title": "18 Popular Code Packages Hacked, Rigged to Steal Crypto",
      "link": "https://krebsonsecurity.com/2025/09/18-popular-code-packages-hacked-rigged-to-steal-crypto/"
    },
    {
      "title": "GOP Cries Censorship Over Spam Filters That Work",
      "link": "https://krebsonsecurity.com/2025/09/gop-cries-censorship-over-spam-filters-that-work/"
    },
    {
      "title": "The Ongoing Fallout from a Breach at AI Chatbot Maker Salesloft",
      "link": "https://krebsonsecurity.com/2025/09/the-ongoing-fallout-from-a-breach-at-ai-chatbot-maker-salesloft/"
    },
    {
      "title": "Affiliates Flock to \u2018Soulless\u2019 Scam Gambling Machine",
      "link": "https://krebsonsecurity.com/2025/08/affiliates-flock-to-soulless-scam-gambling-machine/"
    },
    {
      "title": "DSLRoot, Proxies, and the Threat of \u2018Legal Botnets\u2019",
      "link": "https://krebsonsecurity.com/2025/08/dslroot-proxies-and-the-threat-of-legal-botnets/"
    },
    {
      "title": "SIM-Swapper, Scattered Spider Hacker Gets 10 Years",
      "link": "https://krebsonsecurity.com/2025/08/sim-swapper-scattered-spider-hacker-gets-10-years/"
    },
    {
      "title": "Oregon Man Charged in \u2018Rapper Bot\u2019 DDoS Service",
      "link": "https://krebsonsecurity.com/2025/08/oregon-man-charged-in-rapper-bot-ddos-service/"
    },
    {
      "title": "Mobile Phishers Target Brokerage Accounts in \u2018Ramp and Dump\u2019 Cashout Scheme",
      "link": "https://krebsonsecurity.com/2025/08/mobile-phishers-target-brokerage-accounts-in-ramp-and-dump-cashout-scheme/"
    },
    {
      "title": "Microsoft Patch Tuesday, August 2025 Edition",
      "link": "https://krebsonsecurity.com/2025/08/microsoft-patch-tuesday-august-2025-edition/"
    },
    {
      "title": "KrebsOnSecurity in New \u2018Most Wanted\u2019 HBO Max Series",
      "link": "https://krebsonsecurity.com/2025/08/krebsonsecurity-in-new-most-wanted-hbo-max-series/"
    }
  ]
}